int,(Piece)Array(int),(Piece)Array(int),(Coord)Array(int)
id,pieces,pieces2,coords
2,"200,201","","11006,13005"
3,"300,301,302","","11006,13006,9007"
4,"400,401","","11006,14007"
5,"500,501","","11006,11009"
6,"600,601","","11006,14007"
7,"700,701","","11006,11008"
8,"800,801","","11006,14007"
9,"900,901,902","","11006,13004,8007"
10,"1000,1001,1002,1003","","11006,11008,14006,8007"
11,"1100,1101,1102,1103,1104,1105","","11006,12007,8004,9007,15007,12003"
12,"1200,1201,1202,1203,1204","","11006,11009,14004,8007,9005"
13,"1300,1301,1302,1303,1304,1305","","11006,14006,11003,15005,10008,7006"
14,"1400,1401,1402,1403","","11006,11009,14005,8007"
15,"1500,1501,1502","","11006,14006,9005"
16,"1600,1601,1602","","11006,9005,15008"
17,"1700,1701,1702","","11006,11009,8006"
18,"1800,1801,1802,1803","","11006,11008,8004,15007"
19,"1900,1901,1902,1903","","11006,11004,14006,8007"
20,"2000,2001,2002,2003","","11006,12007,9007,15005"
22,"2200,2201,2202","","11006,14006,8007"
23,"2300,2301,2302,2303,2304,2305","","11006,13007,9008,11003,8005,6008"
24,"2400,2401,2402,2403,2404,2405,2406","","11006,11004,11008,8007,15006,7005,15004"
25,"2500,2501,2502,2503,2504,2505","","11006,13006,11003,15008,6008,8004"
26,"2600,2601,2602,2603","","11006,13007,9008,7005"
27,"2700,2701,2702,2703,2704,2705","","11006,11008,14006,13008,10003,8007"
28,"2800,2801,2802,2803,2804,2805,2806,2807","","11006,11008,9005,14007,11002,15004,7008,14009"
29,"2900,2901,2902,2903,2904,2905","","11006,11009,8007,15006,8004,11003"
30,"3000,3001,3002,3003,3004,3005","","11006,13007,15005,9008,7005,16006"
31,"3100,3101,3102,3103,3104,3105,3106","","11006,9005,12004,15005,11008,15008,7008"
32,"3200,3201,3202,3203,3204,3205,3206,3207","","11006,14007,11003,11008,7008,16004,7005,17008"
33,"3300,3301,3302,3303,3304,3305","","11006,14007,12008,8007,7004,11002"
34,"3400,3401,3402,3403,3404","3405,3406","11006,11008,9005,15008,15005,17006,6008"
35,"3500,3501,3502,3503,3504,3505,3506,3507","","11006,11008,11003,8007,15005,7004,16008,15003"
36,"3600,3601,3602,3603,3604,3605","","11006,9005,14007,11008,13004,15005"
37,"3700,3701,3702,3703,3704,3705,3706","","11006,13006,11008,11003,8007,7004,15004"
38,"3800,3801,3802,3803,3804,3805","","11006,11004,11009,8007,7004,16006"
39,"3900,3901,3902,3903,3904,3905,3906","","11006,9005,14007,12008,13004,8007,16005"
40,"4000,4001,4002,4003,4004,4005,4006","","11006,13006,10003,15008,14004,9007,7008"
41,"4100,4101,4102,4103,4104,4105","","11006,9007,14006,11009,7008,9005"
42,"4200,4201,4202,4203,4204","","11006,11004,14005,9007,12008"
43,"4300,4301,4302,4303,4304,4305,4306","","11006,11009,11004,15006,15008,6008,7005"
44,"4400,4401,4402,4403","","11006,8007,9005,13005"
45,"4500,4501,4502,4503,4504,4505","","11006,11008,9005,11003,15006,15008"
46,"4600,4601,4602,4603,4604,4605,4606","","11006,14007,11008,8007,7005,9003,12002"
47,"4700,4701,4702,4703,4704,4705,4706","4707,4708","11006,13006,12008,8007,11004,14004,9003,12002,16006"
48,"4800,4801,4802,4803,4804,4805,4806","","11006,11009,9005,12004,15007,7008,10002"
49,"4900,4901,4902,4903,4904,4905","","11006,14007,11008,9005,8008,12002"
50,"5000,5001,5002,5003","","11006,14005,11009,8007"
51,"5100,5101,5102,5103,5104","","11006,11004,11008,14007,7008"
52,"5200,5201,5202,5203,5204,5205","","11006,13007,11008,8004,8007,15005"
53,"5300,5301,5302,5303,5304,5305,5306,5307","","11006,11008,14006,9005,11003,14004,8007,16008"
54,"5400,5401,5402,5403,5404,5405","5406","11006,14007,11004,10007,8004,8008,15004"
55,"5500,5501,5502,5503,5504,5505","","11006,13006,14007,8007,7004,10004"
56,"5600,5601,5602,5603,5604","","11006,10004,8007,14004,11009"
57,"5700,5701,5702,5703,5704,5705,5706","","11006,11008,14007,11004,7008,7006,16005"
58,"5800,5801,5802,5803,5804","5805,5806","11006,14006,8004,12003,8007,11009,16004"
59,"5900,5901,5902,5903","5904,5905","11006,10004,14007,14004,11009,9007"
60,"6000,6001,6002,6003,6004,6005,6006","","11006,13006,8007,11004,15008,8004,14004"
61,"6100,6101,6102,6103,6104,6105,6106","","11006,14006,11003,12009,7008,7004,10009"
62,"6200,6201,6202,6203,6204,6205,6206","6207","11006,14006,8004,11003,13009,8007,15003,5008"
63,"6300,6301,6302,6303,6304,6305","","11006,14007,11009,8004,15005,9008"
64,"6400,6401,6402,6403,6404","6405","11006,11004,14005,15008,12009,8008"
65,"6500,6501,6502,6503,6504","6505","11006,13006,12008,10004,8008,8004"
66,"6600,6601,6602,6603,6604,6605","6606","11006,9005,13005,15008,8007,13008,6004"
67,"6700,6701,6702,6703,6704,6705,6706","","11006,14006,8007,14008,8004,12003,8009"
68,"6800,6801,6802,6803,6804,6805","","11006,13006,9005,12008,9007,15008"
69,"6900,6901,6902,6903,6904,6905","6906,6907","11006,11008,14005,8007,11003,7004,14002,17008"
70,"7000,7001,7002,7003,7004,7005,7006,7007","","11006,9007,14006,11009,7004,10004,13004,16008"
71,"7100,7101,7102,7103,7104,7105","7106,7107","11006,9007,14006,12008,8004,11003,7008,16004"
72,"7200,7201,7202,7203,7204,7205","","11006,14006,9005,9007,13003,13009"
73,"7300,7301,7302,7303,7304,7305,7306,7307","7308,7309","11006,11008,14004,8007,8004,15008,11002,6009,14002,17004"
1001,"100100,100101,100102,100103,100104,100105,100106,100107","100108,100109","11006,11008,14004,8007,8004,15008,11002,6009,14002,17004"
1002,"100200,100201,100202,100203,100204,100205","100206,100207","11006,14006,9005,9007,13003,13009,16004,16008"
1003,"100300,100301,100302,100303,100304,100305,100306,100307","100308,100309","11006,9007,14006,11009,7004,10004,13004,16008,17005,8009"
1004,"100400,100401,100402,100403,100404","100405,100406","11006,10004,8007,14004,11009,15006,15008"
1005,"100500,100501,100502,100503,100504,100505","100506,100507","11006,14007,12008,8007,7004,11002,6007,14004"
2000,"200000,200001,200002,200003,200004,200005,200006,200007,200008,200009,200010,200011","","11006,10007,10004,12008,15008,13003,6008,6004,17005,19007,4009,4005"
2001,"200100,200101,200102,200103,200104,200105,200106,200107,200108","200109,200110","11006,14007,10008,8006,8004,14004,11002,15003,6008,18006,16009"
2002,"200200,200201,200202,200203,200204,200205,200206,200207,200208,200209,200210,200211","","11006,9007,14007,10003,15004,16008,14002,6005,6010,5008,19004,3009"
2003,"200300,200301,200302,200303,200304,200305,200306,200307,200308","","11006,13007,11008,7005,16006,7009,11002,16004,5006"
1006,"100600,100601,100602,100603,100604,100605,100606,100607,100608","","11006,14006,11004,13009,7008,16004,8009,6003,17009"
2004,"200400,200401,200402,200403,200404,200405,200406,200407,200408,200409,200410,200411","","11006,9005,14006,13004,8008,6005,16004,16008,17007,5003,12010,5010"
1007,"100700,100701,100702,100703,100704,100705,100706,100707,100708,100709","","11006,9005,13004,15007,7008,16005,12009,6003,5010,19006"
1008,"100800,100801,100802,100803,100804,100805,100806,100807","","11006,10004,11009,8007,15006,14008,10002,7005"
1009,"100900,100901,100902,100903,100904,100905,100906,100907","","11006,11009,9007,11003,15008,7004,15005,17006"
1010,"101000,101001,101002,101003,101004,101005,101006,101007","","11006,14006,11008,8007,7004,9004,13003,16004"
2005,"200500,200501,200502,200503,200504,200505,200506,200507","200508,200509,200510","11006,12007,11003,9008,12009,7005,16006,8003,5009,5006,17003"
2006,"200600,200601,200602,200603,200604,200605,200606,200607,200608,200609,200610","","11006,13007,8004,11009,8007,15008,12002,5008,16003,7010,5004"
2007,"200700,200701,200702,200703,200704,200705,200706,200707,200708,200709","","11006,9005,13005,11009,15008,7008,13002,17004,5004,7010"
1011,"101100,101101,101102,101103,101104,101105,101106","","11006,13007,9005,15007,10008,7008,6004"
1012,"101200,101201,101202,101203,101204,101205,101206,101207","","11006,11008,14007,8007,9005,12002,16004,6004"
1013,"101300,101301,101302,101303,101304,101305","","11006,14006,11009,7008,8004,12003"
1014,"101400,101401,101402,101403,101404,101405,101406,101407,101408","","11006,13007,14005,8007,11009,11004,15008,7004,17005"
1015,"101500,101501,101502,101503,101504,101505,101506,101507","","11006,11009,11004,14005,15008,15004,7008,7006"
3006,"300600,300601,300602,300603,300604,300605,300606","","11006,14007,8004,12004,15006,9009,7008"
3013,"301300,301301,301302,301303,301304,301305","","11006,14006,9005,13004,8007,6004"
3014,"301400,301401,301402,301403,301404","301405","11006,9007,14006,11009,8004,11004"
3023,"302300,302301,302302,302303,302304,302305","302306,302307","11006,14006,11009,7008,8004,10002,6003,13004"
3024,"302400,302401,302402,302403,302404,302405","","11006,10007,11004,14006,8006,17004"
3025,"302500,302501,302502,302503,302504,302505,302506,302507,302508,302509","302510","11006,13006,9007,9005,13008,15004,16007,17006,5009,6003,16001"
3040,"304000,304001,304002,304003,304004,304005,304006,304007,304008,304009,304010,304011","","11006,11008,14007,8007,7004,10004,15004,7009,18006,4006,13002,5003"
3047,"304700,304701,304702,304703,304704,304705","","11006,9005,14006,15008,11009,7008"
3057,"305700,305701,305702,305703,305704,305705,305706","305707","11006,13007,11009,9005,8007,14008,15005,13003"
3084,"308400,308401,308402,308403,308404,308405,308406,308407,308408,308409","","11006,13005,8004,15008,8007,11003,10009,14003,16006,6007"
3088,"308800,308801,308802,308803,308804","308805,308806","11006,9005,12003,15006,11010,8007,7004"
3093,"309300,309301,309302,309303,309304,309305,309306,309307,309308,309309","309310","11006,9005,14006,13004,13008,9009,7007,16004,7004,17009,7009"
3094,"309400,309401,309402,309403,309404,309405,309406,309407,309408,309409","309410,309411","11006,14006,9005,11009,13004,8007,16008,6004,9010,16003,6008,18006"
3096,"309600,309601,309602,309603,309604,309605,309606,309607,309608,309609","309610,309611","11006,13005,9005,15008,12009,8007,7004,14002,9010,16004,17009,5009"
3097,"309700,309701,309702,309703,309704,309705,309706,309707,309708,309709,309710","","11006,10004,14007,14004,6008,11010,6004,17006,17009,8009,8002"
3098,"309800,309801,309802,309803,309804,309805,309806,309807","309808,309809","11006,10004,14006,8007,13008,10009,7004,14003,15008,11002"
3099,"309900,309901,309902,309903,309904,309905,309906,309907,309908","","11006,9005,14007,11008,8007,13004,16008,7004,15003"
3100,"310000,310001,310002,310003,310004,310005,310006,310007,310008,310009,310010,310011","","11006,14006,11009,8004,8007,12003,14004,6003,17006,15010,16002,5009"
3002,"300200,300201,300202,300203,300204,300205,300206,300207,300208,300209","","11006,11008,14007,8004,12003,15005,9007,13010,5009,17009"
3001,"300100,300101,300102,300103,300104,300105,300106","","11006,11004,12008,15006,8007,7009,7004"
3095,"309500,309501,309502,309503,309504,309505,309506","309507,309508","11006,14006,9007,11004,12008,7004,16004,16008,6009"
3092,"309200,309201,309202,309203,309204,309205,309206","309207,309208","11006,11009,9005,12004,15007,8007,7004,15004,6008"
3091,"309100,309101,309102,309103,309104,309105,309106,309107,309108","309109,309110","11006,9005,12004,14006,13008,8007,10002,7004,15004,7009,5005"
3090,"309000,309001,309002,309003,309004,309005,309006,309007,309008","","11006,13007,9008,9005,15005,7007,8009,16006,6005"
3089,"308900,308901,308902,308903,308904,308905,308906,308907,308908,308909","308910","11006,9007,12008,11004,14005,7004,7009,17005,16008,15002,18006"
3087,"308700,308701,308702,308703,308704,308705,308706,308707,308708","","11006,11008,9008,8005,11003,14005,15008,14009,6008"
3086,"308600,308601,308602,308603,308604,308605","308606,308607","11006,14007,12008,9005,11003,15005,10008,6008"
3085,"308500,308501,308502,308503,308504,308505,308506,308507,308508,308509","","11006,13005,8004,11003,9008,15008,6008,15003,17006,12009"
3083,"308300,308301,308302,308303,308304,308305,308306,308307","308308","11006,11008,9005,14004,8007,15006,6008,6004,15009"
3082,"308200,308201,308202,308203,308204","","11006,11008,11004,14006,8007"
3081,"308100,308101,308102,308103,308104,308105,308106","308107,308108","11006,13007,11009,8007,16007,8005,9004,12002,7009"
3080,"308000,308001,308002,308003,308004,308005","","11006,14006,8007,11004,14004,7004"
3079,"307900,307901,307902,307903,307904,307905,307906,307907","307908","11006,11009,9005,8007,13005,15007,6003,14002,5009"
3078,"307800,307801,307802,307803,307804,307805,307806,307807","307808","11006,11008,8007,14005,11003,7004,16008,5009,15002"
3077,"307700,307701,307702,307703,307704,307705,307706,307707","","11006,14006,9007,8004,12008,12003,16004,17009"
3076,"307600,307601,307602,307603,307604,307605,307606","307607","11006,13005,13009,8007,7004,10009,10003,7009"
3075,"307500,307501,307502,307503","","11006,9005,14006,11008"
3011,"301100,301101,301102,301103,301104","","11006,11008,8004,14007,8007"
2008,"200800,200801,200802,200803,200804","","11006,11004,14006,8007,11009"
3074,"307400,307401,307402,307403,307404,307405,307406,307407,307408,307409","307410","11006,11008,14006,9005,7008,15004,16008,6003,18004,15002,5007"
3073,"307300,307301,307302,307303,307304,307305,307306,307307,307308","307309","11006,9007,10004,14006,12008,14004,7005,8002,17006,7008"
3072,"307200,307201,307202,307203,307204,307205","307206","11006,9005,13005,14007,8007,6007,7004"
3071,"307100,307101,307102,307103,307104,307105,307106,307107,307108,307109","","11006,9005,14006,14004,9007,11009,7008,16008,14009,7005"
3070,"307000,307001,307002,307003,307004,307005,307006,307007","307008","11006,9007,8004,11003,15006,14009,13002,6008,5005"
3069,"306900,306901,306902,306903,306904,306905,306906","306907,306908","11006,9005,14006,13004,7008,12009,9009,7004,16007"
3068,"306800,306801,306802,306803,306804,306805,306806","306807","11006,9005,14006,12003,12009,15005,9009,6008"
3067,"306700,306701,306702,306703,306704,306705,306706","306707","11006,14006,9005,11003,7008,16008,15005,11010"
3066,"306600,306601,306602,306603,306604,306605,306606","306607","11006,11008,9005,14007,11003,15005,8007,14009"
3065,"306500,306501,306502,306503,306504,306505,306506,306507,306508","306509,306510","11006,13006,13008,8008,8005,11003,16007,8002,6008,16004,13002"
3064,"306400,306401,306402,306403,306404,306405,306406,306407","","11006,11004,14006,8007,13009,6003,14002,6008"
3063,"306300,306301,306302,306303,306304,306305,306306,306307,306308","306309","11006,10004,14006,15008,12009,7008,8006,6003,17004,14003"
3062,"306200,306201,306202,306203,306204,306205,306206,306207","","11006,11009,11004,14005,8007,8005,14002,15009"
3061,"306100,306101,306102,306103,306104,306105,306106,306107,306108","","11006,14007,9008,9005,7004,13003,16004,9010,6008"
3060,"306000,306001,306002,306003,306004,306005,306006,306007,306008,306009","","11006,10004,14005,15007,9007,13009,7009,7005,5009,18004"
3059,"305900,305901,305902,305903,305904,305905,305906","","11006,11008,8004,8007,15006,11003,14003"
3058,"305800,305801,305802,305803,305804,305805,305806","305807","11006,13005,9008,14008,9005,12002,15005,17006"
3056,"305600,305601,305602,305603,305604,305605,305606,305607","","11006,11008,11004,8007,15006,7005,14008,17005"
3055,"305500,305501,305502,305503,305504,305505,305506,305507,305508,305509","","11006,10008,11004,14005,7007,7005,14003,16008,17005,4008"
3054,"305400,305401,305402,305403,305404,305405,305406","305407","11006,11008,8004,15006,8007,11003,5008,14004"
3053,"305300,305301,305302,305303,305304,305305","305306","11006,14006,11004,9009,14004,7007,8003"
3052,"305200,305201,305202,305203,305204,305205,305206,305207","","11006,14006,9005,12003,11009,15005,6008,6003"
3050,"305000,305001,305002,305003,305004,305005,305006","","11006,13007,9008,7005,11003,7008,15004"
3051,"305100,305101,305102,305103,305104,305105,305106","","11006,14006,8004,8007,11009,13002,15005"
3049,"304900,304901,304902,304903,304904,304905","304906","11006,11008,8004,15006,7008,13002,6003"
3048,"304800,304801,304802,304803,304804,304805,304806,304807","304808","11006,10004,14006,7008,15004,8004,10010,17007,4009"
3046,"304600,304601,304602,304603,304604,304605","304606","11006,11008,15007,8007,7004,10003,13003"
3045,"304500,304501,304502,304503,304504,304505,304506,304507","","11006,13007,8004,11003,15005,8007,15003,16008"
3044,"304400,304401,304402,304403,304404,304405,304406","304407","11006,13006,8007,9005,15008,11003,6004,14003"
3043,"304300,304301,304302,304303,304304,304305,304306","304307","11006,14007,9008,9005,14004,7007,13009,7004"
3042,"304200,304201,304202,304203,304204,304205,304206,304207,304208,304209","304210","11006,11008,14006,8008,8004,10002,14003,17006,5009,5005,20006"
3041,"304100,304101,304102,304103,304104,304105,304106,304107,304108,304109,304110","304111","11006,14007,9008,8004,15005,11003,6008,17007,16003,6003,4005,18005"
3039,"303900,303901,303902,303903,303904,303905,303906,303907,303908","","11006,14006,11009,11003,7008,8005,15005,14008,4008"
3008,"300800,300801,300802,300803,300804","","11006,14006,8007,8004,10009"
3012,"301200,301201,301202,301203,301204,301205","301206","11006,13005,14007,11009,8005,8007,16004"
3015,"301500,301501,301502,301503,301504,301505,301506","","11006,14006,10003,7008,14003,7005,17007"
3017,"301700,301701,301702,301703,301704,301705,301706,301707","","11006,13005,9005,11003,15008,8008,7005,16005"
21,"2100,2101,2102,2103","","11006,14006,14004,10008"
74,"7400,7401,7402,7403,7404,7405,7406","","11006,14007,11004,9007,15005,11009,7004"
75,"7500,7501,7502,7503,7504,7505,7506,7507,7508,7509","7510","11006,11008,9007,14007,11003,15006,15004,7004,6008,6006,17003"
76,"7600,7601,7602,7603,7604,7605,7606,7607","7608,7609","11006,11008,14004,8007,8004,15008,11002,6009,14002,17004"
77,"7700,7701,7702,7703,7704,7705,7706,7707,7708","","11006,9005,14006,11009,9008,7006,13005,10002,17006"
78,"7800,7801,7802,7803,7804,7805,7806,7807,7808,7809,7810","","11006,13006,8007,11004,14008,7004,15003,17006,17008,5009,3006"
79,"7900,7901,7902,7903,7904,7905,7906,7907","","11006,9005,11008,14007,12003,15006,8007,16007"
80,"8000,8001,8002,8003,8004,8005,8006","","11006,11008,8007,15007,8004,11002,16005"
81,"8100,8101,8102,8103,8104,8105,8106,8107,8108,8109","","11006,11008,8007,8004,11004,15006,14009,7009,15003,17005"
82,"8200,8201,8202,8203,8204","","11006,13007,8004,14005,11009"
83,"8300,8301,8302,8303,8304,8305,8306,8307","","11006,13007,11009,9005,12003,8008,15008,6005"
84,"8400,8401,8402,8403,8404,8405,8406","","11006,14007,11009,11003,8007,15005,9004"
85,"8500,8501,8502,8503,8504,8505,8506","","11006,14006,8007,11002,13009,8004,14003"
86,"8600,8601,8602","","11006,11008,14007"
87,"8700,8701,8702,8703,8704,8705,8706","","11006,9007,14006,13008,7004,11009,10002"
88,"8800,8801,8802,8803,8804,8805,8806,8807,8808","","11006,11008,14006,11004,8007,13008,9004,6005,16008"
89,"8900,8901,8902,8903,8904,8905,8906,8907","8908","11006,9007,14006,11009,7004,10004,13004,16008,17004"
90,"9000,9001,9002,9003,9004,9005,9006,9007","9008","11006,13005,9005,11009,15008,7008,12002,16005,7004"
91,"9100,9101,9102,9103,9104,9105,9106","9107,9108","11006,13007,9005,11009,11003,8007,15005,6004,17008"
92,"9200,9201,9202,9203,9204,9205,9206,9207,9208,9209","9210,9211","11006,11009,11004,14005,7008,15008,7004,15003,15010,18005,5009,19009"
93,"9300,9301,9302,9303,9304,9305,9306","9307,9308,9309","11006,9005,12004,11009,15006,8007,7004,10002,16004,15008"
94,"9400,9401,9402,9403,9404,9405,9406,9407,9408","9409","11006,11004,11009,8007,15006,7005,6008,15009,14003,17005"
95,"9500,9501,9502,9503,9504,9505","9506","11006,14006,9007,13008,11004,6008,7004"
96,"9600,9601,9602,9603,9604,9605,9606","9607,9608","11006,13005,14007,11009,7008,9005,11003,6004,15003"
97,"9700,9701,9702,9703,9704,9705,9706","","11006,14007,10008,8004,11003,7008,15004"
98,"9800,9801,9802,9803,9804,9805,9806,9807","9808","11006,9005,14007,9007,12008,13004,17006,17004,5003"
99,"9900,9901,9902,9903,9904,9905","9906","11006,11004,11008,14006,8007,15005,8004"
100,"10000,10001,10002,10003,10004","10005,10006","11006,13006,11004,8007,14008,7005,16004"
101,"10100,10101,10102,10103,10104,10105,10106,10107,10108,10109,10110","","11006,10004,14006,13009,7008,14003,16008,7005,17006,18003,4009"
102,"10200,10201,10202,10203,10204,10205,10206,10207,10208","","11006,9007,14006,7004,7008,10004,14004,16006,5009"
103,"10300,10301,10302,10303,10304,10305,10306,10307","","11006,11004,10007,14007,7006,13009,11002,7008"
104,"10400,10401,10402,10403,10404","10405","11006,14006,11009,8004,7008,16007"
105,"10500,10501,10502,10503,10504,10505","10506,10507","11006,13006,8004,15008,8010,11003,6007,5003"
106,"10600,10601,10602,10603,10604,10605,10606,10607,10608","","11006,14006,8007,8004,11003,15003,5003,13010,18004"
107,"10700,10701,10702,10703,10704,10705,10706","","11006,11008,8007,15007,8004,11002,16005"
108,"10800,10801,10802,10803,10804,10805,10806,10807,10808","","11006,10004,14006,9007,13009,14004,6008,7006,16008"
109,"10900,10901,10902,10903,10904,10905,10906","","11006,13006,14007,8004,12009,8007,11003"
110,"11000,11001,11002,11003,11004,11005","","11006,9005,14006,11009,13004,7008"
111,"11100,11101,11102,11103,11104,11105,11106,11107","","11006,13005,15008,8004,8007,10002,16005,6008"
112,"11200,11201,11202,11203,11204,11205,11206,11207","11208,11209","11006,13006,11004,14008,8008,8004,16004,6009,15002,5007"
113,"11300,11301,11302,11303,11304,11305,11306,11307,11308","11309","11006,13007,8007,10003,11009,7004,15004,16008,8009,17006"
114,"11400,11401,11402,11403,11404,11405,11406,11407","","11006,11008,8004,15006,12003,7008,15004,17009"
1,"100","","11006"
115,"11500,11501,11502,11503,11504,11505,11506,11507,11508,11509","11510","11006,13007,11003,8004,15008,7008,15004,9010,17004,5007,4009"
116,"11600,11601,11602,11603,11604,11605","","11006,14007,9005,12003,15006,10010"
117,"11700,11701,11702,11703,11704,11705","","11006,13006,9008,9005,15008,7008"
118,"11800,11801,11802,11803,11804,11805","","11006,13005,12008,7008,8004,11004"
119,"11900,11901,11902,11903,11904,11905,11906,11907,11908,11909,11910","","11006,14007,9005,12004,11010,8007,15006,9003,6005,5009,6003"
120,"12000,12001,12002,12003,12004","12005","11006,11008,14005,9009,8005,10004"
121,"12100,12101,12102,12103,12104,12105,12106","","11006,11008,8007,14006,9005,15008,13002"
122,"12200,12201,12202,12203,12204,12205,12206,12207,12208,12209","","11006,10007,9005,14007,12003,15005,6008,13009,7005,17007"
123,"12300,12301,12302,12303,12304,12305,12306","12307,12308","11006,11004,11009,8007,15005,15008,6005,14002,7010"
124,"12400,12401,12402,12403,12404,12405,12406,12407,12408,12409,12410","","11006,14005,12008,8007,11004,7004,6008,10002,16008,17005,6005"
125,"12500,12501,12502,12503,12504,12505,12506,12507","12508,12509","11006,10004,11008,15006,7004,9008,15008,5006,5009,18002"
126,"12600,12601,12602,12603,12604,12605,12606,12607,12608,12609","","11006,14007,11009,8006,9005,12002,16005,5004,17007,16003"
127,"12700,12701,12702,12703,12704,12705,12706","12707","11006,13005,9007,8004,11010,17006,13003,6008"
128,"12800,12801,12802,12803,12804,12805","","11006,11003,15006,12008,9005,7009"
129,"12900,12901,12902,12903,12904,12905,12906,12907","","11006,12007,8007,8004,11004,15004,16006,7009"
130,"13000,13001,13002,13003,13004,13005,13006,13007,13008,13009","13010","11006,14007,14004,9009,8004,6006,11003,17007,13002,6008,18004"
131,"13100,13101,13102,13103,13104","","11006,10007,11004,8006,15006"
132,"13200,13201,13202,13203,13204,13205,13206","13207","11006,9005,14006,11009,11003,15005,9009,6008"
133,"13300,13301,13302,13303,13304,13305","","11006,9005,14007,11009,7007,11002"
134,"13400,13401,13402,13403","13404","11006,11004,15006,8007,15008"
135,"13500,13501,13502,13503,13504,13505,13506,13507,13508","13509","11006,11004,14006,11009,8007,7004,16007,11002,14002,17003"
136,"13600,13601,13602,13603,13604,13605,13606","13607","11006,11008,15007,10003,7008,7005,14002,15009"
137,"13700,13701,13702,13703,13704,13705,13706,13707,13708","13709","11006,13007,9005,11003,14004,16008,11010,8008,6005,5003"
138,"13800,13801,13802,13803,13804,13805,13806","","11006,13006,13008,11003,8004,15004,16007"
139,"13900,13901,13902,13903,13904","","11006,8004,11009,15006,7008"
140,"14000,14001,14002,14003,14004,14005,14006,14007","","11006,9005,11009,15005,9008,12003,7008,6004"
141,"14100,14101,14102,14103,14104,14105","","11006,10004,14006,8007,11010,14004"
142,"14200,14201,14202,14203","14204","11006,11004,11009,15006,15008"
143,"14300,14301,14302,14303,14304,14305","","11006,8007,11004,15006,7005,16008"
144,"14400,14401,14402,14403","14404,14405","11006,12007,9005,15006,8008,11002"
145,"14500,14501,14502,14503,14504,14505","","11006,11004,14006,11009,8007,7005"
146,"14600,14601,14602,14603,14604,14605","","11006,11004,14005,8007,11009,7005"
147,"14700,14701,14702,14703,14704","14705","11006,12007,8007,8004,11002,16006"
148,"14800,14801,14802,14803,14804,14805","","11006,11008,8007,14005,7004,9003"
149,"14900,14901,14902,14903,14904,14905","","11006,14007,11009,11003,8007,15005"
150,"15000,15001,15002,15003,15004,15005,15006,15007","15008,15009","11006,9005,13005,14007,8008,13009,14003,16004,5003,6005"
151,"15100,15101,15102,15103,15104,15105,15106","","11006,14006,11009,8007,8004,11002,16008"
152,"15200,15201,15202,15203,15204,15205","","11006,13007,10003,14004,15008,9007"
153,"15300,15301,15302,15303,15304,15305,15306","","11006,13006,8004,8007,12003,16004,14008"
154,"15400,15401,15402,15403,15404,15405,15406,15407","15408","11006,13005,8004,8007,15008,12009,12002,6006,15003"
155,"15500,15501,15502,15503,15504,15505,15506,15507","15508,15509","11006,14006,9005,11009,13004,15005,7008,6004,17006,17008"
156,"15600,15601,15602,15603,15604,15605,15606,15607,15608","15609","11006,11008,11004,15006,7008,14003,7004,9003,17005,6009"
157,"15700,15701,15702,15703,15704,15705","","11006,13006,9005,12004,13009,16004"
158,"15800,15801,15802,15803,15804,15805","","11006,8007,8004,12004,15006,12009"
159,"15900,15901,15902,15903,15904","15905","11006,10004,11008,9008,14004,15007"
160,"16000,16001,16002,16003,16004","16005","11006,10004,11008,14005,15007,7008"
161,"16100,16101,16102,16103","16104","11006,14006,8007,11004,8004"
162,"16200,16201,16202,16203","","11006,11009,8007,8004"
163,"16300,16301,16302,16303","","11006,10004,8007,15007"
164,"16400,16401,16402,16403,16404","","11006,9005,14006,11008,8008"
165,"16500,16501,16502,16503,16504","16505","11006,10004,14006,14004,9008,6005"
166,"16600,16601,16602,16603","16604","11006,14007,11008,8007,8004"
167,"16700,16701,16702,16703,16704,16705","","11006,14006,8007,9005,15005,17007"
168,"16800,16801,16802,16803,16804,16805","","11006,13006,12008,9007,7005,11004"
169,"16900,16901,16902,16903,16904,16905","","11006,9005,11008,14006,7008,12002"
170,"17000,17001,17002,17003,17004","17005","11006,13005,15008,8004,9007,12002"
171,"17100,17101,17102,17103,17104","","11006,14007,11004,11010,8007"
172,"17200,17201,17202,17203,17204","","11006,14006,10004,11009,7008"
173,"17300,17301,17302,17303,17304,17305","","11006,13006,10003,13009,9007,7004"
174,"17400,17401,17402,17403,17404,17405","","11006,11008,11004,15007,7008,18004"
175,"17500,17501,17502,17503,17504,17505","","11006,9008,14004,15008,7004,17003"
176,"17600,17601,17602,17603,17604,17605","","11006,8007,11003,15006,5003,5007"
177,"17700,17701,17702,17703,17704","17705","11006,15006,9005,9008,12003,15004"
178,"17800,17801,17802,17803,17804,17805","","11006,11004,14006,8007,14004,16008"
179,"17900,17901,17902,17903,17904,17905","","11006,11008,9005,13004,8007,15007"
180,"18000,18001,18002,18003,18004,18005","","11006,14006,8007,11009,10002,14003"
181,"18100,18101,18102,18103,18104,18105","","11006,11008,14006,11003,7004,15009"
182,"18200,18201,18202,18203,18204,18205","","11006,14006,10009,7007,6008,17003"
183,"18300,18301,18302,18303,18304","18305","11006,14007,10008,8005,6007,14003"
184,"18400,18401,18402,18403,18404,18405","","11006,11009,8007,10004,14005,15008"
185,"18500,18501,18502,18503,18504,18505,18506,18507","","11006,12007,8007,9005,11003,15006,16008,11009"
186,"18600,18601,18602,18603,18604,18605","","11006,9007,11004,15006,7005,16008"
187,"18700,18701,18702,18703,18704,18705,18706,18707","","11006,13007,11004,11008,7008,16005,7004,17008"
188,"18800,18801,18802,18803,18804,18805","","11006,11008,9007,8004,14004,11003"
189,"18900,18901,18902,18903,18904,18905,18906","","11006,13007,8007,12008,14008,11003,15005"
190,"19000,19001,19002,19003,19004,19005,19006,19007,19008","19009","11006,11004,8007,15006,11009,7004,14002,16004,17006,17009"
191,"19100,19101,19102,19103,19104,19105","","11006,12007,8007,15006,9004,14003"
192,"19200,19201,19202,19203,19204,19205","","11006,12007,8007,9005,14007,15004"
193,"19300,19301,19302,19303,19304,19305","","11006,10008,15006,8004,12003,14008"
195,"19500,19501,19502,19503,19504,19505","","11006,13005,15008,11009,7008,8004"
196,"19600,19601,19602,19603,19604,19605,19606,19607,19608,19609","","11006,11004,11009,8007,15006,9004,15008,13002,5006,5009"
197,"19700,19701,19702,19703,19704","","11006,10007,9005,13004,15007"
198,"19800,19801,19802,19803,19804,19805","","11006,9005,13005,15008,11009,8007"
199,"19900,19901,19902,19903,19904,19905","","11006,14007,11009,8007,10004,8004"
200,"20000,20001,20002,20003,20004,20005,20006","","11006,9005,14007,11008,7008,13004,17006"
201,"20100,20101,20102,20103,20104,20105,20106,20107,20108,20109,20110","","11006,11008,8007,8004,15008,11003,15004,5010,5006,5004,19006"
202,"20200,20201,20202,20203,20204","","11006,14006,11008,14008,8007"
